{
  "description": "项目配置文件。",
  "packOptions": {
    "ignore": []
  },
  "setting": {
    "urlCheck": true,
    "es6": false,
    "postcss": false,
    "minified": false,
    "newFeature": true
  },
  "compileType": "miniprogram",
  "projectname": "双鱼小程序 - typecho",
  "condition": {
    "search": {
      "current": -1,
      "list": []
    },
    "conversation": {
      "current": -1,
      "list": []
    },
    "game": {
      "current": -1,
      "list": []
    },
    "miniprogram": {
      "current": -1,
      "list": []
    }
  },
  "qqappid": "1110213894",
  "qqLibVersion": "1.6.3"
}